transect,waypoint,lat,long,type,region,depth
20,20.1,34.739594,-120.64028,Adaptive,Central CA,-35
20,20.2,34.425288,-121.302247,Adaptive,Central CA,-2015
22,22.1,35.123962,-120.659856,Adaptive,Central CA,-23
22,22.2,34.645409,-121.671605,Adaptive,Central CA,-2083
24,24.1,35.395606,-120.909101,Adaptive,Central CA,-44
24,24.2,34.989137,-121.77133,Adaptive,Central CA,-2018
26,26.1,35.629602,-121.245674,Adaptive,Central CA,-36
26,26.2,35.327059,-121.888067,Adaptive,Central CA,-1987
28,28.1,35.906028,-121.489394,Adaptive,Central CA,-61
28,28.2,35.607813,-122.126138,Adaptive,Central CA,-1983
30,30.1,36.186244,-121.719155,Adaptive,Central CA,-30
30,30.2,35.887156,-122.359648,Adaptive,Central CA,-3075
32,32.1,36.477071,-121.946612,Adaptive,Central CA,-30
32,32.2,36.179801,-122.585799,Adaptive,Central CA,-3222
34,34.1,36.903821,-121.881045,Adaptive,Central CA,-21
34,34.2,36.577806,-122.584862,Adaptive,Central CA,-2692
36,36.1,37.081073,-122.32559,Adaptive,Central CA,-44
36,36.2,36.783281,-122.971213,Adaptive,Central CA,-2959
38,38.1,37.416647,-122.463188,Adaptive,Central CA,-29
38,38.2,37.102425,-123.147049,Adaptive,Central CA,-1975
40,40.1,37.736327,-122.617093,Adaptive,Central CA,-19
40,40.2,37.375899,-123.405133,Adaptive,Central CA,-975
42,42.1,38.011601,-122.880899,Adaptive,Central CA,-17
42,42.2,37.683471,-123.601271,Adaptive,Central CA,-3046
44,44.1,38.310202,-123.087263,Adaptive,Central CA,-26
44,44.2,38.01274,-123.742803,Adaptive,Central CA,-3054
46,46.1,38.581493,-123.354297,Adaptive,Central CA,-61
46,46.2,38.287515,-124.004088,Adaptive,Central CA,-3479
48,48.1,38.835544,-123.653384,Adaptive,Central CA,-37
48,48.2,38.542692,-124.303519,Adaptive,Central CA,-3494
50,50.1,39.180104,-123.767671,Adaptive,Central CA,-29
50,50.2,38.890654,-124.41402,Adaptive,Central CA,-3381
52,52.1,39.567111,-123.789027,Adaptive,Central CA,-40
52,52.2,39.247422,-124.505286,Adaptive,Central CA,-2840
54,54.1,39.893332,-123.937637,Adaptive,Central CA,-37
54,54.2,39.572789,-124.659266,Adaptive,Central CA,-2240
56,56.1,40.155562,-124.229511,Adaptive,Central CA,-31
56,56.2,39.812387,-125.005557,Adaptive,Central CA,-1937
58,58.1,40.437008,-124.481394,Adaptive,Central CA,-41
58,58.2,40.108364,-125.226779,Adaptive,Central CA,-1684
60,60.1,40.667918,-124.324524,Adaptive,Central CA,-21
60,60.2,40.668124,-125.113991,Adaptive,Central CA,-2701
62,62.1,41.00083,-124.157028,Adaptive,Central CA,-21
62,62.2,41.001155,-124.988761,Adaptive,Central CA,-3018
64,64.1,41.33609,-124.202214,Adaptive,Central CA,-66
64,64.2,41.336487,-125.007138,Adaptive,Central CA,-2043
66,66.1,41.66758,-124.162114,Adaptive,Central CA,-25
66,66.2,41.66739,-125.09056,Adaptive,Central CA,-1766
68,68.1,41.999475,-124.253785,Adaptive,WA/OR,-19
68,68.2,41.999856,-125.149218,Adaptive,WA/OR,-1720
70,70.1,42.332482,-124.447346,Adaptive,WA/OR,-26
70,70.2,42.332703,-125.251598,Adaptive,WA/OR,-3096
72,72.1,42.660306,-124.437387,Adaptive,WA/OR,-37
72,72.2,42.660504,-125.326559,Adaptive,WA/OR,-3086
74,74.1,42.999145,-124.498039,Adaptive,WA/OR,-48
74,74.2,42.999114,-125.301639,Adaptive,WA/OR,-3078
76,76.1,43.333167,-124.403776,Adaptive,WA/OR,-22
76,76.2,43.333133,-125.260436,Adaptive,WA/OR,-2082
78,78.1,43.669073,-124.233048,Adaptive,WA/OR,-24
78,78.2,43.669118,-125.291254,Adaptive,WA/OR,-1908
80,80.1,44.000626,-124.179512,Adaptive,WA/OR,-40
80,80.2,44.000185,-125.278129,Adaptive,WA/OR,-2686
82,82.1,44.333205,-124.139009,Adaptive,WA/OR,-43
82,82.2,44.333058,-125.261409,Adaptive,WA/OR,-2363
110,110.1,48.685874,-125.00415,Adaptive,Vancouver Is.,-20
110,110.2,48.56354,-125.159552,Adaptive,Vancouver Is.,-103
112,112.1,48.842199,-125.452264,Adaptive,Vancouver Is.,-33
112,112.2,48.563532,-125.806636,Adaptive,Vancouver Is.,-76
114,114.1,49.007292,-125.887616,Adaptive,Vancouver Is.,-48
114,114.2,48.563895,-126.452392,Adaptive,Vancouver Is.,-1190
116,116.1,49.257607,-126.218846,Adaptive,Vancouver Is.,-8
116,116.2,48.670782,-126.969312,Adaptive,Vancouver Is.,-1737
118,118.1,49.444771,-126.632985,Adaptive,Vancouver Is.,-13
118,118.2,48.971129,-127.241587,Adaptive,Vancouver Is.,-2075
120,120.1,49.698699,-126.961272,Adaptive,Vancouver Is.,-10
120,120.2,49.142955,-127.678113,Adaptive,Vancouver Is.,-2372
122,122.1,49.951179,-127.292705,Adaptive,Vancouver Is.,-3
122,122.2,49.459978,-127.93027,Adaptive,Vancouver Is.,-2425
124,124.1,50.072945,-127.796489,Adaptive,Vancouver Is.,-34
124,124.2,49.617247,-128.38927,Adaptive,Vancouver Is.,-2298
126,126.1,50.432826,-127.990261,Adaptive,Vancouver Is.,-2
126,126.2,49.916346,-128.667725,Adaptive,Vancouver Is.,-1750
128,128.1,50.649672,-128.375255,Adaptive,Vancouver Is.,-20
128,128.2,50.133163,-129.054275,Adaptive,Vancouver Is.,-2031
1,1.1,32.665423,-117.291308,Compulsory,S. CA Bight,-77
1,1.101,32.590803,-117.444848,Compulsory,S. CA Bight,-1133
1,1.102,32.630843,-117.828332,Compulsory,S. CA Bight,-665
1,1.103,32.312735,-117.997077,Compulsory,S. CA Bight,-1485
1,1.2,32.091514,-118.449362,Compulsory,S. CA Bight,-601
2,2.1,32.874883,-117.257836,Compulsory,S. CA Bight,-24
2,2.101,32.631449,-117.759016,Compulsory,S. CA Bight,-556
2,2.102,32.636573,-117.831718,Compulsory,S. CA Bight,-665
2,2.103,32.571802,-117.865862,Compulsory,S. CA Bight,-599
2,2.2,32.253242,-118.518427,Compulsory,S. CA Bight,-1633
3,3.1,33.032171,-117.306109,Compulsory,S. CA Bight,-53
3,3.2,32.405607,-118.595428,Compulsory,S. CA Bight,-1219
4,4.1,33.173087,-117.411776,Compulsory,S. CA Bight,-56
4,4.2,32.492954,-118.812066,Compulsory,S. CA Bight,-1340
5,5.1,33.321069,-117.546102,Compulsory,S. CA Bight,-25
5,5.101,32.897179,-118.421401,Compulsory,S. CA Bight,-352
5,5.102,32.811709,-118.319609,Compulsory,S. CA Bight,-712
5,5.103,32.775582,-118.417881,Compulsory,S. CA Bight,-73
5,5.104,32.836569,-118.513996,Compulsory,S. CA Bight,-100
5,5.2,32.642234,-118.914749,Compulsory,S. CA Bight,-628
6,6.1,33.431751,-117.698368,Compulsory,S. CA Bight,-33
6,6.101,33.02221,-118.54584,Compulsory,S. CA Bight,-88
6,6.102,33.050933,-118.581113,Compulsory,S. CA Bight,-135
6,6.103,33.057834,-118.602054,Compulsory,S. CA Bight,-78
6,6.104,33.045873,-118.635222,Compulsory,S. CA Bight,-67
6,6.105,32.979286,-118.610393,Compulsory,S. CA Bight,-96
6,6.2,32.752163,-119.078727,Compulsory,S. CA Bight,-712
7,7.1,33.562019,-117.839944,Compulsory,S. CA Bight,-49
7,7.101,33.3444,-118.291848,Compulsory,S. CA Bight,-96
7,7.102,33.301689,-118.290624,Compulsory,S. CA Bight,-90
7,7.103,33.286474,-118.321175,Compulsory,S. CA Bight,-127
7,7.104,33.301416,-118.361595,Compulsory,S. CA Bight,-59
7,7.2,32.890069,-119.212391,Compulsory,S. CA Bight,-973
8,8.1,33.649697,-118.053502,Compulsory,S. CA Bight,-19
8,8.101,33.458854,-118.450191,Compulsory,S. CA Bight,-335
8,8.102,33.502269,-118.565765,Compulsory,S. CA Bight,-256
8,8.103,33.485841,-118.618264,Compulsory,S. CA Bight,-145
8,8.104,33.474452,-118.620315,Compulsory,S. CA Bight,-92
8,8.105,33.393185,-118.552696,Compulsory,S. CA Bight,-375
8,8.2,32.947843,-119.473907,Compulsory,S. CA Bight,-309
9,9.1,33.711596,-118.328711,Compulsory,S. CA Bight,-12
9,9.2,33.037422,-119.726984,Compulsory,S. CA Bight,-1354
10,10.1,33.864428,-118.42231,Compulsory,S. CA Bight,-27
10,10.101,33.307637,-119.578134,Compulsory,S. CA Bight,-32
10,10.102,33.309257,-119.619111,Compulsory,S. CA Bight,-66
10,10.103,33.296417,-119.648916,Compulsory,S. CA Bight,-49
10,10.104,33.256585,-119.64345,Compulsory,S. CA Bight,-146
10,10.2,33.177706,-119.806608,Compulsory,S. CA Bight,-633
11,11.1,34.000538,-118.523707,Compulsory,S. CA Bight,-23
11,11.2,33.322772,-119.932475,Compulsory,S. CA Bight,-881
12,12.1,34.026425,-118.881515,Compulsory,S. CA Bight,-9
12,12.2,33.30351,-120.385625,Compulsory,S. CA Bight,-1006
13,13.1,34.086887,-119.135355,Compulsory,S. CA Bight,-30
13,13.2,33.408295,-120.548502,Compulsory,S. CA Bight,-1119
14,14.1,34.199784,-119.33232,Compulsory,S. CA Bight,-22
14,14.101,34.09684,-119.547409,Compulsory,S. CA Bight,-226
14,14.102,34.019936,-119.472746,Compulsory,S. CA Bight,-56
14,14.103,33.980393,-119.480439,Compulsory,S. CA Bight,-108
14,14.104,33.937936,-119.762448,Compulsory,S. CA Bight,-112
14,14.105,33.945205,-119.848055,Compulsory,S. CA Bight,-82
14,14.2,33.53122,-120.709286,Compulsory,S. CA Bight,-1683
15,15.1,34.325735,-119.463627,Compulsory,S. CA Bight,-31
15,15.101,34.064694,-120.009802,Compulsory,S. CA Bight,-56
15,15.102,34.068967,-120.269361,Compulsory,S. CA Bight,-64
15,15.103,33.9854,-120.285133,Compulsory,S. CA Bight,-68
15,15.104,33.941338,-120.249857,Compulsory,S. CA Bight,-87
15,15.2,33.68254,-120.788973,Compulsory,S. CA Bight,-1346
16,16.1,34.392147,-119.738863,Compulsory,S. CA Bight,-51
16,16.101,34.107582,-120.335196,Compulsory,S. CA Bight,-80
16,16.102,34.125656,-120.416889,Compulsory,S. CA Bight,-83
16,16.103,34.057029,-120.492591,Compulsory,S. CA Bight,-85
16,16.104,34.022697,-120.483118,Compulsory,S. CA Bight,-96
16,16.2,33.839223,-120.865867,Compulsory,S. CA Bight,-2217
17,17.1,34.452411,-120.028582,Compulsory,S. CA Bight,-38
17,17.2,33.947851,-121.084357,Compulsory,S. CA Bight,-2005
18,18.1,34.441336,-120.439873,Compulsory,S. CA Bight,-51
18,18.2,34.103289,-121.148892,Compulsory,S. CA Bight,-2171
19,19.1,34.545758,-120.630961,Compulsory,S. CA Bight,-19
19,19.2,34.231139,-121.291591,Compulsory,S. CA Bight,-2434
21,21.1,34.913515,-120.682587,Compulsory,Central CA,-22
21,21.2,34.534159,-121.482449,Compulsory,Central CA,-1864
23,23.1,35.213731,-120.879625,Compulsory,Central CA,-39
23,23.2,34.783237,-121.788606,Compulsory,Central CA,-1992
23,23.3,33.945683,-123.542975,Compulsory,Central CA,-4312
25,25.1,35.510724,-121.083207,Compulsory,Central CA,-33
25,25.2,35.155235,-121.838368,Compulsory,Central CA,-1905
27,27.1,35.774029,-121.354204,Compulsory,Central CA,-54
27,27.2,35.457496,-122.029376,Compulsory,Central CA,-1858
29,29.1,36.050781,-121.59916,Compulsory,Central CA,-28
29,29.2,35.754647,-122.232439,Compulsory,Central CA,-2044
31,31.1,36.297146,-121.909591,Compulsory,Central CA,-42
31,31.2,36.000137,-122.54637,Compulsory,Central CA,-3248
31,31.3,35.167362,-124.322172,Compulsory,Central CA,-4238
33,33.1,36.731948,-121.827682,Compulsory,Central CA,-25
33,33.2,36.425151,-122.489581,Compulsory,Central CA,-2789
35,35.1,36.97049,-122.156051,Compulsory,Central CA,-38
35,35.2,36.668477,-122.808632,Compulsory,Central CA,-2796
37,37.1,37.233591,-122.433874,Compulsory,Central CA,-31
37,37.2,36.929062,-123.094223,Compulsory,Central CA,-2780
39,39.1,37.582626,-122.532099,Compulsory,Central CA,-26
39,39.2,37.227909,-123.304968,Compulsory,Central CA,-2405
39,39.3,36.391124,-125.113937,Compulsory,Central CA,-4490
41,41.1,37.883365,-122.734197,Compulsory,Central CA,-21
41,41.2,37.559192,-123.444293,Compulsory,Central CA,-2842
43,43.1,38.169354,-122.965779,Compulsory,Central CA,-23
43,43.2,37.864155,-123.636542,Compulsory,Central CA,-2887
45,45.1,38.456621,-123.198283,Compulsory,Central CA,-41
45,45.2,38.157411,-123.859207,Compulsory,Central CA,-3418
47,47.1,38.716662,-123.482149,Compulsory,Central CA,-43
47,47.2,38.414651,-124.151578,Compulsory,Central CA,-3575
47,47.3,37.575757,-125.993676,Compulsory,Central CA,-4376
49,49.1,39.006504,-123.714441,Compulsory,Central CA,-23
49,49.2,38.697213,-124.402277,Compulsory,Central CA,-3435
51,51.1,39.349145,-123.831294,Compulsory,Central CA,-7
51,51.2,39.062261,-124.472102,Compulsory,Central CA,-3342
53,53.1,39.73619,-123.848266,Compulsory,Central CA,-30
53,53.2,39.434798,-124.526337,Compulsory,Central CA,-2678
55,55.1,40.015469,-124.104579,Compulsory,Central CA,-48
55,55.2,39.685012,-124.850044,Compulsory,Central CA,-1988
55,55.3,38.849872,-126.716318,Compulsory,Central CA,-4290
57,57.1,40.284877,-124.381633,Compulsory,Central CA,-44
57,57.2,39.949269,-125.141756,Compulsory,Central CA,-1940
59,59.1,40.502456,-124.417473,Compulsory,Central CA,-30
59,59.2,40.502482,-125.223475,Compulsory,Central CA,-2712
61,61.1,40.835038,-124.205489,Compulsory,Central CA,-25
61,61.2,40.83523,-125.025714,Compulsory,Central CA,-2955
61,61.3,40.835649,-127.22531,Compulsory,Central CA,-2392
63,63.1,41.167609,-124.164187,Compulsory,Central CA,-19
63,63.2,41.167847,-124.978716,Compulsory,Central CA,-1885
65,65.1,41.500493,-124.102928,Compulsory,Central CA,-19
65,65.2,41.500361,-125.041452,Compulsory,Central CA,-1612
67,67.1,41.833535,-124.402363,Compulsory,Central CA,-88
67,67.2,41.833768,-125.124228,Compulsory,Central CA,-1860
69,69.1,42.166068,-124.380349,Compulsory,WA/OR,-30
69,69.2,42.166233,-125.189564,Compulsory,WA/OR,-2409
69,69.3,42.162059,-127.440689,Compulsory,WA/OR,-2747
71,71.1,42.499075,-124.471901,Compulsory,WA/OR,-32
71,71.2,42.498851,-125.298802,Compulsory,WA/OR,-3088
73,73.1,42.831533,-124.601445,Compulsory,WA/OR,-30
73,73.2,42.831241,-125.336673,Compulsory,WA/OR,-3083
75,75.1,43.166539,-124.437143,Compulsory,WA/OR,-23
75,75.2,43.166539,-125.255652,Compulsory,WA/OR,-2547
77,77.1,43.499475,-124.274529,Compulsory,WA/OR,-26
77,77.2,43.499554,-125.273368,Compulsory,WA/OR,-2044
77,77.3,43.500165,-127.570556,Compulsory,WA/OR,-2900
79,79.1,43.833305,-124.185622,Compulsory,WA/OR,-20
79,79.2,43.83286,-125.306147,Compulsory,WA/OR,-2205
81,81.1,44.166868,-124.137326,Compulsory,WA/OR,-11
81,81.2,44.166743,-125.251295,Compulsory,WA/OR,-2183
83,83.1,44.500159,-124.104657,Compulsory,WA/OR,-35
83,83.2,44.499712,-125.258099,Compulsory,WA/OR,-2003
84,84.1,44.667014,-124.092695,Compulsory,WA/OR,-29
84,84.2,44.666388,-125.261965,Compulsory,WA/OR,-2285
85,85.1,44.834306,-124.078664,Compulsory,WA/OR,-32
85,85.2,44.833662,-125.311038,Compulsory,WA/OR,-1802
86,86.1,45.000387,-124.043926,Compulsory,WA/OR,-35
86,86.2,45.000046,-125.316551,Compulsory,WA/OR,-1890
87,87.1,45.167855,-123.98794,Compulsory,WA/OR,-34
87,87.2,45.167759,-125.294039,Compulsory,WA/OR,-1687
88,88.1,45.32583,-123.992697,Compulsory,WA/OR,-33
88,88.2,45.326288,-125.310519,Compulsory,WA/OR,-1604
89,89.1,45.506647,-123.984198,Compulsory,WA/OR,-17
89,89.2,45.506774,-125.326268,Compulsory,WA/OR,-2128
90,90.1,45.667491,-123.959122,Compulsory,WA/OR,-27
90,90.2,45.667391,-125.257953,Compulsory,WA/OR,-1598
91,91.1,45.833607,-123.988034,Compulsory,WA/OR,-32
91,91.2,45.83372,-125.281263,Compulsory,WA/OR,-1670
92,92.1,46.000455,-123.979837,Compulsory,WA/OR,-23
92,92.2,46.000218,-125.418555,Compulsory,WA/OR,-1126
93,93.1,46.167291,-124.023223,Compulsory,WA/OR,-18
93,93.2,46.167405,-125.430569,Compulsory,WA/OR,-2092
94,94.1,46.332195,-124.125287,Compulsory,WA/OR,-22
94,94.2,46.332574,-125.254783,Compulsory,WA/OR,-1761
95,95.1,46.500281,-124.107917,Compulsory,WA/OR,-20
95,95.2,46.500458,-125.17676,Compulsory,WA/OR,-1860
96,96.1,46.666338,-124.169599,Compulsory,WA/OR,-20
96,96.2,46.665783,-125.302612,Compulsory,WA/OR,-1847
97,97.1,46.83334,-124.167347,Compulsory,WA/OR,-19
97,97.2,46.833614,-125.319109,Compulsory,WA/OR,-1477
98,98.1,46.99813,-124.229007,Compulsory,WA/OR,-21
98,98.2,46.998088,-125.539013,Compulsory,WA/OR,-1813
99,99.1,47.163378,-124.253986,Compulsory,WA/OR,-15
99,99.2,47.162408,-125.95173,Compulsory,WA/OR,-2009
100,100.1,47.330852,-124.347549,Compulsory,WA/OR,-20
100,100.2,47.330201,-126.063575,Compulsory,WA/OR,-1973
101,101.1,47.496661,-124.452252,Compulsory,WA/OR,-22
101,101.2,47.496275,-126.166682,Compulsory,WA/OR,-1995
102,102.1,47.64886,-124.461517,Compulsory,WA/OR,-20
102,102.2,47.648928,-126.230837,Compulsory,WA/OR,-2005
103,103.1,47.828185,-124.623008,Compulsory,WA/OR,-29
103,103.2,47.828249,-126.322559,Compulsory,WA/OR,-1840
104,104.1,47.993863,-124.744883,Compulsory,WA/OR,-32
104,104.2,47.993669,-126.375626,Compulsory,WA/OR,-1650
105,105.1,48.159825,-124.781707,Compulsory,WA/OR,-36
105,105.2,48.160123,-126.42508,Compulsory,WA/OR,-2063
106,106.1,48.327217,-124.734557,Compulsory,WA/OR,-39
106,106.2,48.327261,-126.612839,Compulsory,WA/OR,-2166
107,107.1,48.493935,-124.729044,Compulsory,Vancouver Is.,-260
107,107.2,48.493219,-126.783073,Compulsory,Vancouver Is.,-2083
109,109.1,48.609486,-124.77784,Compulsory,Vancouver Is.,-38
109,109.2,48.563515,-124.836056,Compulsory,Vancouver Is.,-80
111,111.1,48.767286,-125.22702,Compulsory,Vancouver Is.,-26
111,111.2,48.563523,-125.485566,Compulsory,Vancouver Is.,-102
113,113.1,48.948669,-125.636728,Compulsory,Vancouver Is.,-11
113,113.2,48.563592,-126.126705,Compulsory,Vancouver Is.,-172
115,115.1,49.138318,-126.045706,Compulsory,Vancouver Is.,-6
115,115.2,48.564587,-126.776551,Compulsory,Vancouver Is.,-1618
117,117.1,49.360733,-126.413697,Compulsory,Vancouver Is.,-10
117,117.2,48.78258,-127.15366,Compulsory,Vancouver Is.,-2088
119,119.1,49.548167,-126.828392,Compulsory,Vancouver Is.,-25
119,119.2,49.060794,-127.456065,Compulsory,Vancouver Is.,-2105
121,121.1,49.820318,-127.133042,Compulsory,Vancouver Is.,-16
121,121.2,49.321296,-127.77917,Compulsory,Vancouver Is.,-2488
123,123.1,50.06325,-127.477831,Compulsory,Vancouver Is.,-1
123,123.2,49.56349,-128.128329,Compulsory,Vancouver Is.,-2370
125,125.1,50.263803,-127.880155,Compulsory,Vancouver Is.,-12
125,125.2,49.747221,-128.55501,Compulsory,Vancouver Is.,-2342
127,127.1,50.528363,-128.200377,Compulsory,Vancouver Is.,-7
127,127.2,50.034659,-128.848392,Compulsory,Vancouver Is.,-2021
129,129.1,50.758911,-128.565156,Compulsory,Vancouver Is.,-48
129,129.2,50.236715,-129.253918,Compulsory,Vancouver Is.,-1673
39,39.1,34.741241,-120.636723,Nearshore,Central CA,-16
39,39.2,34.702631,-120.717928,Nearshore,Central CA,-57
40,40.1,34.849191,-120.616495,Nearshore,Central CA,-6
40,40.2,34.81018,-120.698826,Nearshore,Central CA,-43
41,41.1,34.920081,-120.66853,Nearshore,Central CA,-2
41,41.2,34.880829,-120.751383,Nearshore,Central CA,-75
42,42.1,35.033793,-120.639121,Nearshore,Central CA,-19
42,42.2,34.994828,-120.721481,Nearshore,Central CA,-56
43,43.1,35.131628,-120.643198,Nearshore,Central CA,-12
43,43.2,35.092281,-120.726611,Nearshore,Central CA,-50
44,44.1,35.164745,-120.778702,Nearshore,Central CA,-12
44,44.2,35.125678,-120.861425,Nearshore,Central CA,-117
45,45.1,35.215775,-120.875274,Nearshore,Central CA,-39
45,45.2,35.17691,-120.957621,Nearshore,Central CA,-220
46,46.1,35.315207,-120.875408,Nearshore,Central CA,-19
46,46.2,35.27595,-120.958756,Nearshore,Central CA,-97
47,47.1,35.410671,-120.876967,Nearshore,Central CA,-8
47,47.2,35.371346,-120.960526,Nearshore,Central CA,-88
48,48.1,35.457635,-120.988272,Nearshore,Central CA,-24
48,48.2,35.416489,-121.075887,Nearshore,Central CA,-236
49,49.1,35.514208,-121.07571,Nearshore,Central CA,-33
49,49.2,35.474636,-121.1598,Nearshore,Central CA,-289
50,50.1,35.583898,-121.135143,Nearshore,Central CA,-18
50,50.2,35.544434,-121.21903,Nearshore,Central CA,-171
51,51.1,35.634407,-121.235464,Nearshore,Central CA,-26
51,51.2,35.595625,-121.317943,Nearshore,Central CA,-216
52,52.1,35.693859,-121.31575,Nearshore,Central CA,-23
52,52.2,35.654237,-121.400144,Nearshore,Central CA,-348
53,53.1,35.780704,-121.339911,Nearshore,Central CA,-24
53,53.2,35.741528,-121.423622,Nearshore,Central CA,-208
54,54.1,35.843665,-121.414504,Nearshore,Central CA,-15
54,54.2,35.804094,-121.499075,Nearshore,Central CA,-361
55,55.1,35.911458,-121.477854,Nearshore,Central CA,-30
55,55.2,35.872067,-121.562177,Nearshore,Central CA,-517
56,56.1,35.997452,-121.505205,Nearshore,Central CA,-16
56,56.2,35.958242,-121.588965,Nearshore,Central CA,-526
57,57.1,36.052343,-121.59577,Nearshore,Central CA,-28
57,57.2,36.013066,-121.679961,Nearshore,Central CA,-816
58,58.1,36.125641,-121.649301,Nearshore,Central CA,-37
58,58.2,36.085924,-121.734557,Nearshore,Central CA,-732
59,59.1,36.18765,-121.71623,Nearshore,Central CA,-30
59,59.2,36.147624,-121.802044,Nearshore,Central CA,-595
60,60.1,36.238564,-121.822516,Nearshore,Central CA,-29
60,60.2,36.199032,-121.907448,Nearshore,Central CA,-749
61,61.1,36.301593,-121.900006,Nearshore,Central CA,-20
61,61.2,36.26222,-121.984442,Nearshore,Central CA,-64
62,62.1,36.393993,-121.913666,Nearshore,Central CA,-32
62,62.2,36.354441,-121.998762,Nearshore,Central CA,-124
63,63.1,36.47829,-121.943673,Nearshore,Central CA,-30
63,63.2,36.438587,-122.029309,Nearshore,Central CA,-779
64,64.1,36.56696,-121.96841,Nearshore,Central CA,-13
64,64.2,36.527511,-122.053458,Nearshore,Central CA,-770
65,65.1,36.737104,-121.816382,Nearshore,Central CA,-11
65,65.2,36.697531,-121.901947,Nearshore,Central CA,-84
66,66.1,36.839042,-121.809454,Nearshore,Central CA,-14
66,66.2,36.799274,-121.895371,Nearshore,Central CA,-371
67,67.1,36.915029,-121.856716,Nearshore,Central CA,-12
67,67.2,36.87574,-121.94165,Nearshore,Central CA,-65
68,68.1,36.956415,-121.984425,Nearshore,Central CA,-12
68,68.2,36.917983,-122.067567,Nearshore,Central CA,-47
69,69.1,36.973776,-122.148647,Nearshore,Central CA,-26
69,69.2,36.934456,-122.234005,Nearshore,Central CA,-89
70,70.1,37.033123,-122.231566,Nearshore,Central CA,-11
70,70.2,36.99361,-122.31728,Nearshore,Central CA,-85
71,71.1,37.095594,-122.293943,Nearshore,Central CA,-17
71,71.2,37.056628,-122.378538,Nearshore,Central CA,-87
72,72.1,37.165209,-122.369442,Nearshore,Central CA,-3
72,72.2,37.125714,-122.455262,Nearshore,Central CA,-86
73,73.1,37.237234,-122.425731,Nearshore,Central CA,-31
73,73.2,37.198342,-122.510375,Nearshore,Central CA,-83
74,74.1,37.343885,-122.410669,Nearshore,Central CA,-16
74,74.2,37.304741,-122.495908,Nearshore,Central CA,-58
75,75.1,37.422232,-122.451098,Nearshore,Central CA,-18
75,75.2,37.385712,-122.530689,Nearshore,Central CA,-56
76,76.1,37.497488,-122.503993,Nearshore,Central CA,-2
76,76.2,37.458322,-122.589396,Nearshore,Central CA,-63
77,77.1,37.58642,-122.523743,Nearshore,Central CA,-26
77,77.2,37.547051,-122.609641,Nearshore,Central CA,-48
78,78.1,37.695625,-122.502357,Nearshore,Central CA,-1
78,78.2,37.656339,-122.588466,Nearshore,Central CA,-30
79,79.1,37.788337,-122.51565,Nearshore,Central CA,-15
79,79.2,37.748958,-122.601784,Nearshore,Central CA,-11
80,80.1,37.855376,-122.579449,Nearshore,Central CA,-17
80,80.2,37.816036,-122.665832,Nearshore,Central CA,-26
81,81.1,37.893141,-122.712779,Nearshore,Central CA,-13
81,81.2,37.85378,-122.799155,Nearshore,Central CA,-46
82,82.1,37.956313,-122.788917,Nearshore,Central CA,-29
82,82.2,37.917469,-122.874348,Nearshore,Central CA,-54
83,83.1,38.018169,-122.866522,Nearshore,Central CA,-10
83,83.2,37.971581,-122.968944,Nearshore,Central CA,-61
84,84.1,38.06104,-122.985893,Nearshore,Central CA,-3
84,84.2,37.994399,-123.127432,Nearshore,Central CA,-82
85,85.1,38.172765,-122.958205,Nearshore,Central CA,-23
85,85.2,38.133244,-123.045124,Nearshore,Central CA,-71
86,86.1,38.263709,-122.981928,Nearshore,Central CA,-6
86,86.2,38.224619,-123.068131,Nearshore,Central CA,-75
87,87.1,38.316055,-123.074343,Nearshore,Central CA,-26
87,87.2,38.276212,-123.16228,Nearshore,Central CA,-91
88,88.1,38.400504,-123.106597,Nearshore,Central CA,-24
88,88.2,38.360787,-123.194525,Nearshore,Central CA,-87
89,89.1,38.46849,-123.172165,Nearshore,Central CA,-32
89,89.2,38.429402,-123.258769,Nearshore,Central CA,-89
90,90.1,38.523163,-123.266784,Nearshore,Central CA,-24
90,90.2,38.483564,-123.354415,Nearshore,Central CA,-105
91,91.1,38.585027,-123.346621,Nearshore,Central CA,-31
91,91.2,38.544873,-123.435529,Nearshore,Central CA,-104
92,92.1,38.652815,-123.412984,Nearshore,Central CA,-48
92,92.2,38.613238,-123.500741,Nearshore,Central CA,-101
93,93.1,38.71889,-123.477608,Nearshore,Central CA,-43
93,93.2,38.679629,-123.564816,Nearshore,Central CA,-100
94,94.1,38.771659,-123.552304,Nearshore,Central CA,-29
94,94.2,38.732322,-123.639724,Nearshore,Central CA,-106
95,95.1,38.837362,-123.649387,Nearshore,Central CA,-37
95,95.2,38.798037,-123.736865,Nearshore,Central CA,-113
96,96.1,38.906433,-123.719506,Nearshore,Central CA,-32
96,96.2,38.866615,-123.807936,Nearshore,Central CA,-114
97,97.1,39.008849,-123.709445,Nearshore,Central CA,-23
97,97.2,38.970429,-123.794576,Nearshore,Central CA,-88
98,98.1,39.104597,-123.718393,Nearshore,Central CA,-11
98,98.2,39.065408,-123.805985,Nearshore,Central CA,-94
99,99.1,39.181723,-123.764042,Nearshore,Central CA,-29
99,99.2,39.141831,-123.853018,Nearshore,Central CA,-107
100,100.1,39.26426,-123.79817,Nearshore,Central CA,-15
100,100.2,39.224551,-123.887154,Nearshore,Central CA,-127
101,101.1,39.34946,-123.830606,Nearshore,Central CA,-7
101,101.2,39.310156,-123.91854,Nearshore,Central CA,-137
102,102.1,39.451296,-123.8219,Nearshore,Central CA,-60
102,102.2,39.411371,-123.911354,Nearshore,Central CA,-131
103,103.1,39.568837,-123.785101,Nearshore,Central CA,-20
103,103.2,39.529693,-123.873093,Nearshore,Central CA,-118
104,104.1,39.657194,-123.808598,Nearshore,Central CA,-53
104,104.2,39.617686,-123.897364,Nearshore,Central CA,-128
105,105.1,39.737904,-123.844559,Nearshore,Central CA,-30
105,105.2,39.698577,-123.933078,Nearshore,Central CA,-140
106,106.1,39.830986,-123.860921,Nearshore,Central CA,-16
106,106.2,39.784808,-123.964982,Nearshore,Central CA,-149
107,107.1,39.896426,-123.930589,Nearshore,Central CA,-14
107,107.2,39.856743,-124.019875,Nearshore,Central CA,-123
108,108.1,39.965331,-123.998344,Nearshore,Central CA,-20
108,108.2,39.925232,-124.089049,Nearshore,Central CA,-98
109,109.1,40.024922,-124.083186,Nearshore,Central CA,-21
109,109.2,39.985729,-124.171761,Nearshore,Central CA,-156
110,110.1,40.104942,-124.125819,Nearshore,Central CA,-43
110,110.2,40.065521,-124.215064,Nearshore,Central CA,-140
111,111.1,40.157086,-124.225852,Nearshore,Central CA,-31
111,111.2,40.117865,-124.315035,Nearshore,Central CA,-302
112,112.1,40.214504,-124.314503,Nearshore,Central CA,-10
112,112.2,40.175279,-124.403312,Nearshore,Central CA,-363
113,113.1,40.294556,-124.359508,Nearshore,Central CA,-18
113,113.2,40.255747,-124.447861,Nearshore,Central CA,-100
114,114.1,40.382684,-124.383745,Nearshore,Central CA,-16
114,114.2,40.344588,-124.470255,Nearshore,Central CA,-115
115,115.1,40.473724,-124.39764,Nearshore,Central CA,-5
115,115.2,40.433605,-124.489138,Nearshore,Central CA,-48
116,116.1,40.502462,-124.407319,Nearshore,Central CA,-30
116,116.2,40.502515,-124.555026,Nearshore,Central CA,-91
117,117.1,40.58383,-124.351998,Nearshore,Central CA,-3
117,117.2,40.58383,-124.456549,Nearshore,Central CA,-71
118,118.1,40.667952,-124.311817,Nearshore,Central CA,-17
118,118.2,40.667977,-124.416893,Nearshore,Central CA,-46
119,119.1,40.750589,-124.250931,Nearshore,Central CA,-10
119,119.2,40.750645,-124.354764,Nearshore,Central CA,-55
120,120.1,40.835148,-124.191198,Nearshore,Central CA,-15
120,120.2,40.835077,-124.296941,Nearshore,Central CA,-62
121,121.1,40.917705,-124.149327,Nearshore,Central CA,-5
121,121.2,40.91768,-124.253852,Nearshore,Central CA,-62
122,122.1,41.000789,-124.125141,Nearshore,Central CA,-11
122,122.2,41.000822,-124.229199,Nearshore,Central CA,-55
123,123.1,41.084056,-124.178904,Nearshore,Central CA,-32
123,123.2,41.084057,-124.283854,Nearshore,Central CA,-94
124,124.1,41.167609,-124.141137,Nearshore,Central CA,-13
124,124.2,41.167618,-124.246562,Nearshore,Central CA,
125,125.1,41.257983,-124.106319,Nearshore,Central CA,-13
125,125.2,41.258015,-124.211435,Nearshore,Central CA,-68
126,126.1,41.336057,-124.10877,Nearshore,Central CA,-21
126,126.2,41.336105,-124.21678,Nearshore,Central CA,-72
127,127.1,41.417811,-124.071035,Nearshore,Central CA,-16
127,127.2,41.417858,-124.176281,Nearshore,Central CA,-58
128,128.1,41.500472,-124.084674,Nearshore,Central CA,-13
128,128.2,41.500472,-124.17988,Nearshore,Central CA,-47
129,129.1,41.583994,-124.112749,Nearshore,Central CA,-13
129,129.2,41.583996,-124.21835,Nearshore,Central CA,-44
130,130.1,41.667662,-124.149107,Nearshore,Central CA,-9
130,130.2,41.667662,-124.254101,Nearshore,Central CA,-53
131,131.1,41.750583,-124.240242,Nearshore,Central CA,-9
131,131.2,41.75057,-124.345455,Nearshore,Central CA,-78
132,132.1,41.833531,-124.236114,Nearshore,Central CA,-1
132,132.2,41.833531,-124.423644,Nearshore,Central CA,-153
133,133.1,41.916919,-124.220489,Nearshore,Central CA,-4
133,133.2,41.916898,-124.326015,Nearshore,Central CA,-49
134,134.1,41.999377,-124.236434,Nearshore,WA/OR,-13
134,134.2,41.999366,-124.343377,Nearshore,WA/OR,-56
135,135.1,42.08315,-124.338048,Nearshore,WA/OR,-35
135,135.2,42.083095,-124.444276,Nearshore,WA/OR,-98
136,136.1,42.165979,-124.370768,Nearshore,WA/OR,-30
136,136.2,42.166026,-124.476914,Nearshore,WA/OR,-118
137,137.1,42.249497,-124.421778,Nearshore,WA/OR,-27
137,137.2,42.249471,-124.512449,Nearshore,WA/OR,-118
138,138.1,42.332575,-124.433939,Nearshore,WA/OR,-3
138,138.2,42.332609,-124.532724,Nearshore,WA/OR,-108
139,139.1,42.415889,-124.434643,Nearshore,WA/OR,-1
139,139.2,42.415899,-124.54299,Nearshore,WA/OR,-70
140,140.1,42.499119,-124.42753,Nearshore,WA/OR,-14
140,140.2,42.499083,-124.533958,Nearshore,WA/OR,-50
141,141.1,42.58198,-124.399027,Nearshore,WA/OR,-2
141,141.2,42.582024,-124.505496,Nearshore,WA/OR,-67
142,142.1,42.66028,-124.42124,Nearshore,WA/OR,-26
142,142.2,42.660328,-124.528937,Nearshore,WA/OR,-82
143,143.1,42.748805,-124.518577,Nearshore,WA/OR,-2
143,143.2,42.748781,-124.626226,Nearshore,WA/OR,-71
144,144.1,42.831547,-124.596058,Nearshore,WA/OR,-30
144,144.2,42.831498,-124.702541,Nearshore,WA/OR,-117
145,145.1,42.915373,-124.510847,Nearshore,WA/OR,-16
145,145.2,42.91542,-124.618397,Nearshore,WA/OR,-78
146,146.1,42.99913,-124.470872,Nearshore,WA/OR,-33
146,146.2,42.999166,-124.579375,Nearshore,WA/OR,-95
147,147.1,43.082262,-124.445015,Nearshore,WA/OR,-17
147,147.2,43.082297,-124.552671,Nearshore,WA/OR,-90
148,148.1,43.166506,-124.417689,Nearshore,WA/OR,-4
148,148.2,43.166553,-124.525612,Nearshore,WA/OR,-75
149,149.1,43.249422,-124.398061,Nearshore,WA/OR,-7
149,149.2,43.249484,-124.505734,Nearshore,WA/OR,-76
150,150.1,43.333228,-124.387747,Nearshore,WA/OR,-22
150,150.2,43.333168,-124.498104,Nearshore,WA/OR,-99
151,151.1,43.415778,-124.305782,Nearshore,WA/OR,-19
151,151.2,43.415817,-124.414067,Nearshore,WA/OR,-92
152,152.1,43.499564,-124.268974,Nearshore,WA/OR,-8
152,152.2,43.499516,-124.377323,Nearshore,WA/OR,-104
153,153.1,43.583392,-124.234711,Nearshore,WA/OR,-3
153,153.2,43.583417,-124.342496,Nearshore,WA/OR,-105
154,154.1,43.669037,-124.224033,Nearshore,WA/OR,-24
154,154.2,43.669066,-124.332709,Nearshore,WA/OR,-107
155,155.1,43.747053,-124.187247,Nearshore,WA/OR,-1
155,155.2,43.747036,-124.295908,Nearshore,WA/OR,-99
156,156.1,43.833273,-124.173311,Nearshore,WA/OR,-20
156,156.2,43.833326,-124.282811,Nearshore,WA/OR,-97
157,157.1,43.916793,-124.158235,Nearshore,WA/OR,-18
157,157.2,43.916772,-124.267877,Nearshore,WA/OR,-87
158,158.1,44.000566,-124.144986,Nearshore,WA/OR,-7
158,158.2,44.000566,-124.254716,Nearshore,WA/OR,-80
159,159.1,44.083775,-124.134787,Nearshore,WA/OR,-3
159,159.2,44.083812,-124.243922,Nearshore,WA/OR,-70
160,160.1,44.16694,-124.12506,Nearshore,WA/OR,-11
160,160.2,44.166892,-124.234337,Nearshore,WA/OR,-67
161,161.1,44.259583,-124.117071,Nearshore,WA/OR,-2
161,161.2,44.25957,-124.226482,Nearshore,WA/OR,-65
162,162.1,44.333194,-124.114482,Nearshore,WA/OR,-11
162,162.2,44.333143,-124.223487,Nearshore,WA/OR,-63
163,163.1,44.416714,-124.098188,Nearshore,WA/OR,-7
163,163.2,44.416757,-124.209487,Nearshore,WA/OR,-62
164,164.1,44.500115,-124.097378,Nearshore,WA/OR,-12
164,164.2,44.500115,-124.207492,Nearshore,WA/OR,-65
165,165.1,44.583471,-124.082201,Nearshore,WA/OR,-11
165,165.2,44.583476,-124.192193,Nearshore,WA/OR,-58
166,166.1,44.667054,-124.066427,Nearshore,WA/OR,-2
166,166.2,44.666875,-124.177472,Nearshore,WA/OR,-62
167,167.1,44.749985,-124.086867,Nearshore,WA/OR,-20
167,167.2,44.749926,-124.197825,Nearshore,WA/OR,-69
168,168.1,44.834305,-124.074905,Nearshore,WA/OR,-32
168,168.2,44.834305,-124.164313,Nearshore,WA/OR,-67
169,169.1,44.917557,-124.03452,Nearshore,WA/OR,-3
169,169.2,44.9176,-124.145227,Nearshore,WA/OR,-86
170,170.1,45.000372,-124.019266,Nearshore,WA/OR,-4
170,170.2,45.000372,-124.129974,Nearshore,WA/OR,-89
171,171.1,45.083825,-124.016715,Nearshore,WA/OR,-19
171,171.2,45.083825,-124.129266,Nearshore,WA/OR,-96
172,172.1,45.167873,-123.982336,Nearshore,WA/OR,-10
172,172.2,45.167837,-124.093783,Nearshore,WA/OR,-86
173,173.1,45.250614,-123.977351,Nearshore,WA/OR,-17
173,173.2,45.250551,-124.08865,Nearshore,WA/OR,-86
174,174.1,45.325872,-123.984183,Nearshore,WA/OR,-20
174,174.2,45.325872,-124.096075,Nearshore,WA/OR,-89
175,175.1,45.417799,-123.973325,Nearshore,WA/OR,-20
175,175.2,45.417775,-124.085194,Nearshore,WA/OR,-82
176,176.1,45.506645,-123.970466,Nearshore,WA/OR,-2
176,176.2,45.506707,-124.081234,Nearshore,WA/OR,-79
177,177.1,45.584655,-123.96103,Nearshore,WA/OR,-9
177,177.2,45.58461,-124.073003,Nearshore,WA/OR,-79
178,178.1,45.667475,-123.94921,Nearshore,WA/OR,-4
178,178.2,45.667534,-124.062055,Nearshore,WA/OR,-71
179,179.1,45.750514,-123.982178,Nearshore,WA/OR,-25
179,179.2,45.750515,-124.096041,Nearshore,WA/OR,-78
180,180.1,45.833506,-123.971839,Nearshore,WA/OR,-19
180,180.2,45.833543,-124.08501,Nearshore,WA/OR,-75
181,181.1,45.917365,-123.99779,Nearshore,WA/OR,-28
181,181.2,45.91736,-124.110407,Nearshore,WA/OR,-80
182,182.1,46.000483,-123.94402,Nearshore,WA/OR,-10
182,182.2,46.000483,-124.057429,Nearshore,WA/OR,-58
183,183.1,46.084051,-123.947363,Nearshore,WA/OR,-8
183,183.2,46.083991,-124.060934,Nearshore,WA/OR,-46
184,184.1,46.167166,-123.985683,Nearshore,WA/OR,-7
184,184.2,46.167166,-124.100293,Nearshore,WA/OR,-34
185,185.1,46.258389,-124.093254,Nearshore,WA/OR,-15
185,185.2,46.258404,-124.223847,Nearshore,WA/OR,-63
186,186.1,46.332335,-124.079674,Nearshore,WA/OR,-12
186,186.2,46.332208,-124.194686,Nearshore,WA/OR,-38
187,187.1,46.416549,-124.067517,Nearshore,WA/OR,-6
187,187.2,46.416549,-124.182136,Nearshore,WA/OR,-34
188,188.1,46.500377,-124.065646,Nearshore,WA/OR,-6
188,188.2,46.500377,-124.161239,Nearshore,WA/OR,-31
189,189.1,46.583752,-124.074982,Nearshore,WA/OR,-9
189,189.2,46.583809,-124.189096,Nearshore,WA/OR,-39
190,190.1,46.666356,-124.10257,Nearshore,WA/OR,-8
190,190.2,46.666356,-124.218017,Nearshore,WA/OR,-43
191,191.1,46.749398,-124.155569,Nearshore,WA/OR,-25
191,191.2,46.749382,-124.270357,Nearshore,WA/OR,-48
192,192.1,46.833369,-124.119075,Nearshore,WA/OR,-4
192,192.2,46.83334,-124.234668,Nearshore,WA/OR,-40
193,193.1,46.936044,-124.184965,Nearshore,WA/OR,-6
193,193.2,46.936046,-124.30002,Nearshore,WA/OR,-42
194,194.1,46.998202,-124.183323,Nearshore,WA/OR,-7
194,194.2,46.99813,-124.298942,Nearshore,WA/OR,-38
195,195.1,47.082741,-124.190476,Nearshore,WA/OR,-9
195,195.2,47.082795,-124.307213,Nearshore,WA/OR,-36
196,196.1,47.163497,-124.207148,Nearshore,WA/OR,-8
196,196.2,47.163259,-124.323196,Nearshore,WA/OR,-35
197,197.1,47.2486,-124.238293,Nearshore,WA/OR,-8
197,197.2,47.2486,-124.354904,Nearshore,WA/OR,-34
198,198.1,47.330837,-124.301104,Nearshore,WA/OR,-4
198,198.2,47.330809,-124.418552,Nearshore,WA/OR,-33
199,199.1,47.389013,-124.332964,Nearshore,WA/OR,-5
199,199.2,47.388993,-124.452709,Nearshore,WA/OR,-30
200,200.1,47.496698,-124.356678,Nearshore,WA/OR,-10
200,200.2,47.496655,-124.472449,Nearshore,WA/OR,-27
201,201.1,47.581017,-124.375669,Nearshore,WA/OR,-9
201,201.2,47.581059,-124.492588,Nearshore,WA/OR,-29
202,202.1,47.648866,-124.400045,Nearshore,WA/OR,-5
202,202.2,47.648843,-124.516621,Nearshore,WA/OR,-27
203,203.1,47.736606,-124.500679,Nearshore,WA/OR,-20
203,203.2,47.736633,-124.618851,Nearshore,WA/OR,-34
204,204.1,47.828089,-124.585412,Nearshore,WA/OR,-27
204,204.2,47.828137,-124.705558,Nearshore,WA/OR,-46
205,205.1,47.912635,-124.683333,Nearshore,WA/OR,-27
205,205.2,47.912687,-124.800551,Nearshore,WA/OR,-57
206,206.1,47.993888,-124.736789,Nearshore,WA/OR,-31
206,206.2,47.993917,-124.854284,Nearshore,WA/OR,-64
207,207.1,48.076946,-124.723779,Nearshore,WA/OR,-30
207,207.2,48.076981,-124.841542,Nearshore,WA/OR,-48
208,208.1,48.159861,-124.760275,Nearshore,WA/OR,-34
208,208.2,48.159825,-124.877909,Nearshore,WA/OR,-58
209,209.1,48.246786,-124.712865,Nearshore,WA/OR,-26
209,209.2,48.246854,-124.83062,Nearshore,WA/OR,-41
210,210.1,48.327238,-124.683127,Nearshore,WA/OR,-14
210,210.2,48.327181,-124.802639,Nearshore,WA/OR,-39
211,211.1,48.409282,-124.749244,Nearshore,WA/OR,-76
211,211.2,48.409329,-124.868431,Nearshore,WA/OR,-336
3,3.1,32.52325764,-118.3555556,Offshore,S. CA Bight,
3,3.2,31.76362393,-119.9153846,Offshore,S. CA Bight,
7,7.1,33.00879672,-118.9752137,Offshore,S. CA Bight,
7,7.2,32.24524737,-120.5222222,Offshore,S. CA Bight,
11,11.1,33.42776995,-119.7145299,Offshore,S. CA Bight,
11,11.2,32.66813624,-121.2529915,Offshore,S. CA Bight,
15,15.1,33.78800862,-120.5905983,Offshore,S. CA Bight,
15,15.2,33.00879672,-122.1376068,Offshore,S. CA Bight,
19,19.1,34.231139,-121.291591,Offshore,S. CA Bight,-2434
19,19.2,33.396952,-123.032712,Offshore,S. CA Bight,-4293
27,27.1,35.457496,-122.029376,Offshore,Central CA,-1858
27,27.2,34.623017,-123.796916,Offshore,Central CA,-4284
35,35.1,36.667492,-122.810769,Offshore,Central CA,-2796
35,35.2,35.831835,-124.607341,Offshore,Central CA,-4266
43,43.1,37.864155,-123.636542,Offshore,Central CA,-2887
43,43.2,37.028386,-125.457537,Offshore,Central CA,-4373
51,51.1,39.062261,-124.472102,Offshore,Central CA,-3342
51,51.2,38.227419,-126.324451,Offshore,Central CA,-4413
58,58.1,40.253824,-125.268461,Offshore,Central CA,-1504
58,58.2,39.823933,-127.369704,Offshore,Central CA,-4385
65,65.1,41.500361,-125.041452,Offshore,Central CA,-1612
65,65.2,41.500389,-127.284591,Offshore,Central CA,-2446
73,73.1,42.831241,-125.336673,Offshore,WA/OR,-3083
73,73.2,42.831996,-127.611187,Offshore,WA/OR,-2958
81,81.1,44.166743,-125.251295,Offshore,WA/OR,-2183
81,81.2,44.166894,-127.590592,Offshore,WA/OR,-2938
1,1.001,37.801317,-122.397471,Transit,NA,-12
1,1.002,37.818563,-122.394834,Transit,NA,-24
1,1.003,37.832524,-122.42462,Transit,NA,-25
1,1.004,37.818563,-122.483291,Transit,NA,-69
1,1.005,37.790457,-122.550301,Transit,NA,-21
1,1.006,37.750341,-122.690628,Transit,NA,-32
1,1.007,37.968991,-123.161468,Transit,NA,-100
1,1.008,38.895127,-123.766384,Transit,NA,-76
1,1.009,40.438502,-124.523794,Transit,NA,-82
1,1.01,50.755203,-128.562035,Transit,NA,-48
1,1.1,34.516748,-120.690378,Nearshore,S. CA Bight,
1,1.2,34.548646,-120.622788,Nearshore,S. CA Bight,
2,2.1,34.506536,-120.50975,Nearshore,S. CA Bight,
2,2.2,34.472499,-120.579254,Nearshore,S. CA Bight,
3,3.1,34.415061,-120.4956,Nearshore,S. CA Bight,
3,3.2,34.447672,-120.427146,Nearshore,S. CA Bight,
4,4.1,34.431655,-120.259202,Nearshore,S. CA Bight,
4,4.2,34.466534,-120.190221,Nearshore,S. CA Bight,
5,5.1,34.455481,-120.012816,Nearshore,S. CA Bight,
5,5.2,34.421018,-120.082736,Nearshore,S. CA Bight,
6,6.1,34.383633,-119.958558,Nearshore,S. CA Bight,
6,6.2,34.414748,-119.891375,Nearshore,S. CA Bight,
7,7.1,34.362892,-119.800405,Nearshore,S. CA Bight,
7,7.2,34.395336,-119.733326,Nearshore,S. CA Bight,
8,8.1,34.362572,-119.600632,Nearshore,S. CA Bight,
8,8.2,34.391089,-119.540107,Nearshore,S. CA Bight,
9,9.1,34.347134,-119.432754,Nearshore,S. CA Bight,
9,9.2,34.312671,-119.502259,Nearshore,S. CA Bight,
10,10.1,34.255871,-119.418604,Nearshore,S. CA Bight,
10,10.2,34.289696,-119.3491,Nearshore,S. CA Bight,
11,11.1,34.229396,-119.271653,Nearshore,S. CA Bight,
11,11.2,34.198115,-119.337446,Nearshore,S. CA Bight,
12,12.1,34.122169,-119.291249,Nearshore,S. CA Bight,
12,12.2,34.153157,-119.227226,Nearshore,S. CA Bight,
13,13.1,34.100262,-119.137355,Nearshore,S. CA Bight,
13,13.2,34.06704,-119.203696,Nearshore,S. CA Bight,
14,14.1,34.031939,-119.075509,Nearshore,S. CA Bight,
14,14.2,34.062591,-119.010552,Nearshore,S. CA Bight,
15,15.1,34.030317,-118.879502,Nearshore,S. CA Bight,
15,15.2,33.998753,-118.944824,Nearshore,S. CA Bight,
16,16.1,33.998434,-118.746716,Nearshore,S. CA Bight,
16,16.2,34.029502,-118.67891,Nearshore,S. CA Bight,
17,17.1,34.016622,-118.512816,Nearshore,S. CA Bight,
17,17.2,33.982479,-118.58232,Nearshore,S. CA Bight,
18,18.1,33.91526,-118.518793,Nearshore,S. CA Bight,
18,18.2,33.948723,-118.450207,Nearshore,S. CA Bight,
19,19.1,33.869735,-118.413912,Nearshore,S. CA Bight,
19,19.2,33.835698,-118.483,Nearshore,S. CA Bight,
20,20.1,33.732736,-118.492989,Nearshore,S. CA Bight,
20,20.2,33.763128,-118.427831,Nearshore,S. CA Bight,
21,21.1,33.713627,-118.328821,Nearshore,S. CA Bight,
21,21.2,33.682531,-118.394351,Nearshore,S. CA Bight,
22,22.1,33.696997,-118.170855,Nearshore,S. CA Bight,
22,22.2,33.730781,-118.102722,Nearshore,S. CA Bight,
23,23.1,33.6654,-118.035071,Nearshore,S. CA Bight,
23,23.2,33.635304,-118.097189,Nearshore,S. CA Bight,
24,24.1,33.582301,-118.007555,Nearshore,S. CA Bight,
24,24.2,33.609801,-117.948022,Nearshore,S. CA Bight,
25,25.1,33.568068,-117.839938,Nearshore,S. CA Bight,
25,25.2,33.534649,-117.907253,Nearshore,S. CA Bight,
26,26.1,33.474658,-117.830257,Nearshore,S. CA Bight,
26,26.2,33.509546,-117.760337,Nearshore,S. CA Bight,
27,27.1,33.449981,-117.681676,Nearshore,S. CA Bight,
27,27.2,33.416795,-117.750764,Nearshore,S. CA Bight,
28,28.1,33.358955,-117.670168,Nearshore,S. CA Bight,
28,28.2,33.388866,-117.607646,Nearshore,S. CA Bight,
29,29.1,33.334633,-117.52236,Nearshore,S. CA Bight,
29,29.2,33.300596,-117.591552,Nearshore,S. CA Bight,
30,30.1,33.23635,-117.52491,Nearshore,S. CA Bight,
30,30.2,33.269962,-117.456082,Nearshore,S. CA Bight,
31,31.1,33.20051,-117.399705,Nearshore,S. CA Bight,
31,31.2,33.167851,-117.464458,Nearshore,S. CA Bight,
32,32.1,33.098925,-117.406919,Nearshore,S. CA Bight,
32,32.2,33.132853,-117.341816,Nearshore,S. CA Bight,
33,33.1,33.05295,-117.30532,Nearshore,S. CA Bight,
33,33.2,33.018811,-117.372032,Nearshore,S. CA Bight,
34,34.1,32.936909,-117.342378,Nearshore,S. CA Bight,
34,34.2,32.971175,-117.273383,Nearshore,S. CA Bight,
35,35.1,32.881443,-117.259153,Nearshore,S. CA Bight,
35,35.2,32.847561,-117.32417,Nearshore,S. CA Bight,
36,36.1,32.750236,-117.32391,Nearshore,S. CA Bight,
36,36.2,32.782814,-117.25731,Nearshore,S. CA Bight,
37,37.1,32.684821,-117.257839,Nearshore,S. CA Bight,
37,37.2,32.650252,-117.325991,Nearshore,S. CA Bight,
101,101.1,34.111157,-119.942199,Nearshore,Santa Cruz Island,
101,101.2,34.079049,-119.922408,Nearshore,Santa Cruz Island,
102,102.1,34.046743,-119.900347,Nearshore,Santa Cruz Island,
102,102.2,34.028117,-119.93494,Nearshore,Santa Cruz Island,
103,103.1,34.000736,-119.886784,Nearshore,Santa Cruz Island,
103,103.2,33.991338,-119.924387,Nearshore,Santa Cruz Island,
104,104.1,33.930254,-119.805769,Nearshore,Santa Cruz Island,
104,104.2,33.96105,-119.805439,Nearshore,Santa Cruz Island,
105,105.1,33.966539,-119.706177,Nearshore,Santa Cruz Island,
105,105.2,33.937303,-119.69318,Nearshore,Santa Cruz Island,
106,106.1,33.955314,-119.601062,Nearshore,Santa Cruz Island,
106,106.2,33.986227,-119.610658,Nearshore,Santa Cruz Island,
107,107.1,34.023447,-119.531276,Nearshore,Santa Cruz Island,
107,107.2,34.006218,-119.496848,Nearshore,Santa Cruz Island,
108,108.1,34.078266,-119.524607,Nearshore,Santa Cruz Island,
108,108.2,34.048507,-119.545388,Nearshore,Santa Cruz Island,
109,109.1,34.054047,-119.639671,Nearshore,Santa Cruz Island,
109,109.2,34.023176,-119.654713,Nearshore,Santa Cruz Island,
110,110.1,34.050768,-119.732622,Nearshore,Santa Cruz Island,
110,110.2,34.082964,-119.715591,Nearshore,Santa Cruz Island,
111,111.1,34.100976,-119.821473,Nearshore,Santa Cruz Island,
111,111.2,34.067302,-119.831369,Nearshore,Santa Cruz Island,
201,201.1,33.507897,-118.515639,Nearshore,Santa Catalina Island,
201,201.2,33.478654,-118.537072,Nearshore,Santa Catalina Island,
202,202.1,33.480545,-118.609665,Nearshore,Santa Catalina Island,
202,202.2,33.501471,-118.640393,Nearshore,Santa Catalina Island,
203,203.1,33.461861,-118.593989,Nearshore,Santa Catalina Island,
203,203.2,33.437033,-118.622772,Nearshore,Santa Catalina Island,
204,204.1,33.397867,-118.543764,Nearshore,Santa Catalina Island,
204,204.2,33.423319,-118.517069,Nearshore,Santa Catalina Island,
205,205.1,33.359443,-118.490879,Nearshore,Santa Catalina Island,
205,205.2,33.338106,-118.518205,Nearshore,Santa Catalina Island,
206,206.1,33.284958,-118.442422,Nearshore,Santa Catalina Island,
206,206.2,33.316493,-118.430545,Nearshore,Santa Catalina Island,
207,207.1,33.301356,-118.342153,Nearshore,Santa Catalina Island,
207,207.2,33.267888,-118.341498,Nearshore,Santa Catalina Island,
208,208.1,33.30763,-118.301526,Nearshore,Santa Catalina Island,
208,208.2,33.308122,-118.261527,Nearshore,Santa Catalina Island,
209,209.1,33.380005,-118.302878,Nearshore,Santa Catalina Island,
209,209.2,33.353624,-118.327289,Nearshore,Santa Catalina Island,
210,210.1,33.411552,-118.366314,Nearshore,Santa Catalina Island,
210,210.2,33.43221,-118.335137,Nearshore,Santa Catalina Island,
211,211.1,33.429192,-118.434126,Nearshore,Santa Catalina Island,
211,211.2,33.458951,-118.412676,Nearshore,Santa Catalina Island,
